{
    "6486022145": 1774550162.007319,
    "8529062391": 1774602799.1181667
}